{
  "posts": [
    {
      "id": 1,
      "userId": 499,
      "title": "You know when grown-ups tell you 'everything's going to be fine' and you think they're probably lying to make you feel better?",
      "createdDate": "2020-08-17T12:56:35Z",
      "content": "I'm the Doctor. Well, they call me the Doctor. I don't know why. I call me the Doctor too. I still don't know why. Saving the world with meals on wheels. Did I mention we have comfy chairs? I'm the Doctor, I'm worse than everyone's aunt. *catches himself* And that is not how I'm introducing myself.",
      "comments": [
        {
          "id": 1,
          "userId": 744,
          "comment": "You've swallowed a planet!",
          "createdDate": "2021-06-14T02:34:36Z"
        },
        {
          "id": 2,
          "userId": 218,
          "comment": "All I've got to do is pass as an ordinary human being",
          "createdDate": "2021-09-06T14:33:19Z"
        },
        {
          "id": 3,
          "userId": 945,
          "comment": "What could possibly go wrong?",
          "createdDate": "2021-11-20T08:15:29Z"
        },
        {
          "id": 4,
          "userId": 919,
          "comment": "Saving the world with meals on wheels.",
          "createdDate": "2021-11-01T01:50:59Z"
        }
      ]
    },
    {
      "id": 2,
      "userId": 338,
      "title": "I hate yogurt. It's just stuff with bits in.",
      "createdDate": "2021-01-24T19:04:18Z",
      "imageUrl": "https://picsum.photos/600/401",
      "content": "Sorry, checking all the water in this area; there's an escaped fish. You've swallowed a planet! It's a fez. I wear a fez now. Fezes are cool. The way I see it, every life is a pile of good things and bad things.…hey.…the good things don't always soften the bad things; but vice-versa the bad things don't necessarily spoil the good things and make them unimportant.",
      "comments": [
        {
          "id": 5,
          "userId": 971,
          "comment": "I am the Doctor, and you are the Daleks!",
          "createdDate": "2021-10-26T13:12:30Z"
        },
        {
          "id": 6,
          "userId": 681,
          "comment": "No… It's a thing; it's like a plan, but with more greatness.",
          "createdDate": "2021-10-18T18:46:16Z"
        },
        {
          "id": 7,
          "userId": 66,
          "comment": "No, I'll fix it.",
          "createdDate": "2021-04-16T21:39:32Z"
        }
      ]
    },
    {
      "id": 3,
      "userId": 947,
      "title": "Bow ties are cool!",
      "createdDate": "2020-03-14T14:55:03Z",
      "imageUrl": "https://picsum.photos/600/400",
      "content": "Come on Amy, I'm a normal bloke, tell me what normal blokes do! It's art! A statement on modern society, 'Oh Ain't Modern Society Awful?'! The way I see it, every life is a pile of good things and bad things.…hey.…the good things don't always soften the bad things; but vice-versa the bad things don't necessarily spoil the good things and make them unimportant.",
      "comments": [
        {
          "id": 8,
          "userId": 342,
          "comment": "I'm nobody's taxi service",
          "createdDate": "2020-11-30T16:40:44Z"
        },
        {
          "id": 9,
          "userId": 966,
          "comment": "I'm not gonna be there to catch you every time you feel like jumping out of a spaceship",
          "createdDate": "2021-05-22T18:06:29Z"
        }
      ]
    },
    {
      "id": 4,
      "userId": 873,
      "title": "Stop talking, brain thinking",
      "createdDate": "2020-07-22T00:51:35Z",
      "imageUrl": "https://picsum.photos/601/400",
      "content": "You know how I sometimes have really brilliant ideas? Stop talking, brain thinking. Hush. All I've got to do is pass as an ordinary human being. Simple. What could possibly go wrong? All I've got to do is pass as an ordinary human being. Simple. What could possibly go wrong?\n\nSaving the world with meals on wheels. You hate me; you want to kill me! Well, go on! Kill me! KILL ME! You know how I sometimes have really brilliant ideas? Saving the world with meals on wheels. The way I see it, every life is a pile of good things and bad things.…hey.…the good things don't always soften the bad things; but vice-versa the bad things don't necessarily spoil the good things and make them unimportant.",
      "comments": [
        {
          "id": 10,
          "userId": 483,
          "comment": "Saving the world with meals on wheels.",
          "createdDate": "2020-06-23T12:12:12Z"
        },
        {
          "id": 11,
          "userId": 975,
          "comment": "Did I mention we have comfy chairs?",
          "createdDate": "2021-10-08T22:10:06Z"
        },
        {
          "id": 12,
          "userId": 981,
          "comment": "Annihilate? No. No violence.",
          "createdDate": "2021-02-17T11:14:44Z"
        }
      ]
    },
    {
      "id": 5,
      "userId": 15,
      "title": "You hit me with a cricket bat",
      "createdDate": "2020-07-28T14:30:56Z",
      "content": "The way I see it, every life is a pile of good things and bad things.…hey.…the good things don't always soften the bad things; but vice-versa the bad things don't necessarily spoil the good things and make them unimportant.\n\nAw, you're all Mr. Grumpy Face today. You hit me with a cricket bat. I'm nobody's taxi service; I'm not gonna be there to catch you every time you feel like jumping out of a spaceship. You hate me; you want to kill me! Well, go on! Kill me! KILL ME!\n\nIt's art! A statement on modern society, 'Oh Ain't Modern Society Awful?'! No… It's a thing; it's like a plan, but with more greatness. Stop talking, brain thinking. Hush. Saving the world with meals on wheels.",
      "comments": []
    }
  ],
  "users": [
    {
      "personalInfo": {
        "firstName": "Will",
        "lastName": "Alexander"
      },
      "contactPreference": "email",
      "email": {
        "email": "test@test.com",
        "confirm": "test@test.com"
      },
      "phone": "",
      "loginInfo": {
        "username": "test",
        "password": "test",
        "confirmPassword": "test"
      },
      "id": 1
    },
    {
      "personalInfo": {
        "firstName": "Will",
        "lastName": "Alexander"
      },
      "contactPreference": "email",
      "email": {
        "email": "test@test.com",
        "confirm": "test@test.com"
      },
      "phone": "",
      "loginInfo": {
        "username": "test",
        "password": "test",
        "confirmPassword": "test"
      },
      "id": 2
    },
    {
      "personalInfo": {
        "firstName": "Will",
        "lastName": "Alexadner"
      },
      "contactPreference": "email",
      "email": {
        "email": "tes@tes",
        "confirm": "tes@tes"
      },
      "phone": "",
      "loginInfo": {
        "username": "test",
        "password": "test",
        "confirmPassword": "test"
      },
      "id": 3
    },
    {
      "personalInfo": {
        "firstName": "tasdg",
        "lastName": "dfgsqdf"
      },
      "contactPreference": "email",
      "email": {
        "email": "test@test",
        "confirm": "test@test"
      },
      "phone": "",
      "loginInfo": {
        "username": "moihds",
        "password": "moihsdg",
        "confirmPassword": "moihsdgf"
      },
      "id": 4
    }
  ],
  "candidates": [
    {
      "id": 1,
      "firstName": "Darla",
      "lastName": "Feacham",
      "email": "dfeacham0@sina.com.cn",
      "job": "Recruiter",
      "department": "Research and Development",
      "company": "Bauch-Hettinger",
      "imageUrl": "https://i.pravatar.cc/100?img=1"
    },
    {
      "id": 2,
      "firstName": "Sharline",
      "lastName": "Albasini",
      "email": "salbasini1@imdb.com",
      "job": "GIS Technical Architect",
      "department": "Legal",
      "company": "Mraz LLC",
      "imageUrl": "https://i.pravatar.cc/100?img=2"
    },
    {
      "id": 3,
      "firstName": "Mignonne",
      "lastName": "Lampel",
      "email": "mlampel2@fotki.com",
      "job": "Recruiter",
      "department": "Human Resources",
      "company": "Goodwin, Padberg and Rogahn",
      "imageUrl": "https://i.pravatar.cc/100?img=3"
    },
    {
      "id": 4,
      "firstName": "Madonna",
      "lastName": "Crichton",
      "email": "mcrichton3@cmu.edu",
      "job": "Database Administrator IV",
      "department": "Legal",
      "company": "Lakin Group",
      "imageUrl": "https://i.pravatar.cc/100?img=4"
    },
    {
      "id": 5,
      "firstName": "Birch",
      "lastName": "Gyurko",
      "email": "bgyurko4@techcrunch.com",
      "job": "Executive Secretary",
      "department": "Services",
      "company": "Corwin-Streich",
      "imageUrl": "https://i.pravatar.cc/100?img=5"
    },
    {
      "id": 6,
      "firstName": "Elise",
      "lastName": "Rickeard",
      "email": "erickeard5@nps.gov",
      "job": "Internal Auditor",
      "department": "Product Management",
      "company": "Ferry, Beier and Mueller",
      "imageUrl": "https://i.pravatar.cc/100?img=6"
    },
    {
      "id": 7,
      "firstName": "Bev",
      "lastName": "Snalom",
      "email": "bsnalom6@g.co",
      "job": "Web Designer II",
      "department": "Marketing",
      "company": "Powlowski, Halvorson and Weissnat",
      "imageUrl": "https://i.pravatar.cc/100?img=7"
    },
    {
      "id": 8,
      "firstName": "Gregoor",
      "lastName": "Woolbrook",
      "email": "gwoolbrook7@sciencedirect.com",
      "job": "Software Consultant",
      "department": "Business Development",
      "company": "Bauch-Larson",
      "imageUrl": "https://i.pravatar.cc/100?img=8"
    },
    {
      "id": 9,
      "firstName": "Gardner",
      "lastName": "Merwe",
      "email": "gmerwe8@ted.com",
      "job": "Sales Associate",
      "department": "Product Management",
      "company": "Fay LLC",
      "imageUrl": "https://i.pravatar.cc/100?img=9"
    },
    {
      "id": 10,
      "firstName": "Violet",
      "lastName": "Boorn",
      "email": "vboorn9@slashdot.org",
      "job": "Chief Design Engineer",
      "department": "Research and Development",
      "company": "Moore-Fritsch",
      "imageUrl": "https://i.pravatar.cc/100?img=10"
    },
    {
      "id": 11,
      "firstName": "Lyssa",
      "lastName": "Greystock",
      "email": "lgreystocka@fema.gov",
      "job": "Web Designer II",
      "department": "Human Resources",
      "company": "Cassin-Zboncak",
      "imageUrl": "https://i.pravatar.cc/100?img=11"
    },
    {
      "id": 12,
      "firstName": "Kenton",
      "lastName": "Dimitriades",
      "email": "kdimitriadesb@qq.com",
      "job": "VP Product Management",
      "department": "Research and Development",
      "company": "Ernser, Nienow and Ankunding",
      "imageUrl": "https://i.pravatar.cc/100?img=12"
    },
    {
      "id": 13,
      "firstName": "Kellby",
      "lastName": "Valerius",
      "email": "kvaleriusc@china.com.cn",
      "job": "Information Systems Manager",
      "department": "Accounting",
      "company": "Trantow-West",
      "imageUrl": "https://i.pravatar.cc/100?img=13"
    },
    {
      "id": 14,
      "firstName": "Bettina",
      "lastName": "Commin",
      "email": "bcommind@fema.gov",
      "job": "Speech Pathologist",
      "department": "Research and Development",
      "company": "Stracke Group",
      "imageUrl": "https://i.pravatar.cc/100?img=14"
    },
    {
      "id": 15,
      "firstName": "Beale",
      "lastName": "Jeandin",
      "email": "bjeandine@google.com.br",
      "job": "Community Outreach Specialist",
      "department": "Engineering",
      "company": "Kessler Inc",
      "imageUrl": "https://i.pravatar.cc/100?img=15"
    },
    {
      "id": 16,
      "firstName": "Haily",
      "lastName": "Boggers",
      "email": "hboggersf@google.es",
      "job": "Environmental Specialist",
      "department": "Human Resources",
      "company": "Haley and Sons",
      "imageUrl": "https://i.pravatar.cc/100?img=16"
    },
    {
      "id": 17,
      "firstName": "Davide",
      "lastName": "Jakoubek",
      "email": "djakoubekg@bloglines.com",
      "job": "Research Assistant III",
      "department": "Legal",
      "company": "Stoltenberg and Sons",
      "imageUrl": "https://i.pravatar.cc/100?img=17"
    },
    {
      "id": 18,
      "firstName": "Egor",
      "lastName": "Aland",
      "email": "ealandh@is.gd",
      "job": "Senior Sales Associate",
      "department": "Support",
      "company": "Goyette, Bogisich and Russel",
      "imageUrl": "https://i.pravatar.cc/100?img=18"
    },
    {
      "id": 19,
      "firstName": "Hillier",
      "lastName": "Gravett",
      "email": "hgravetti@examiner.com",
      "job": "Actuary",
      "department": "Accounting",
      "company": "Legros Inc",
      "imageUrl": "https://i.pravatar.cc/100?img=19"
    },
    {
      "id": 20,
      "firstName": "Antonina",
      "lastName": "Pessolt",
      "email": "apessoltj@craigslist.org",
      "job": "Senior Developer",
      "department": "Accounting",
      "company": "Kozey, Hills and Simonis",
      "imageUrl": "https://i.pravatar.cc/100?img=20"
    },
    {
      "id": 21,
      "firstName": "Hakim",
      "lastName": "Featherstonhalgh",
      "email": "hfeatherstonhalghk@gov.uk",
      "job": "Mechanical Systems Engineer",
      "department": "Product Management",
      "company": "Paucek LLC",
      "imageUrl": "https://i.pravatar.cc/100?img=21"
    },
    {
      "id": 22,
      "firstName": "Jamill",
      "lastName": "Batter",
      "email": "jbatterl@exblog.jp",
      "job": "Senior Sales Associate",
      "department": "Business Development",
      "company": "Bartell-Berge",
      "imageUrl": "https://i.pravatar.cc/100?img=22"
    },
    {
      "id": 23,
      "firstName": "Bill",
      "lastName": "Ruff",
      "email": "bruffm@nbcnews.com",
      "job": "Information Systems Manager",
      "department": "Training",
      "company": "Abernathy and Sons",
      "imageUrl": "https://i.pravatar.cc/100?img=23"
    },
    {
      "id": 24,
      "firstName": "Jeni",
      "lastName": "Gaiter",
      "email": "jgaitern@elpais.com",
      "job": "Structural Analysis Engineer",
      "department": "Training",
      "company": "Hamill and Sons",
      "imageUrl": "https://i.pravatar.cc/100?img=24"
    },
    {
      "id": 25,
      "firstName": "Dorena",
      "lastName": "Van Arsdall",
      "email": "dvanarsdallo@adobe.com",
      "job": "Staff Scientist",
      "department": "Engineering",
      "company": "Boehm Inc",
      "imageUrl": "https://i.pravatar.cc/100?img=25"
    },
    {
      "id": 26,
      "firstName": "Angelina",
      "lastName": "Thomassin",
      "email": "athomassinp@baidu.com",
      "job": "Assistant Professor",
      "department": "Legal",
      "company": "Dickens, Haag and Considine",
      "imageUrl": "https://i.pravatar.cc/100?img=26"
    },
    {
      "id": 27,
      "firstName": "Butch",
      "lastName": "Issit",
      "email": "bissitq@php.net",
      "job": "Food Chemist",
      "department": "Product Management",
      "company": "Nader Inc",
      "imageUrl": "https://i.pravatar.cc/100?img=27"
    },
    {
      "id": 28,
      "firstName": "Codie",
      "lastName": "Thomerson",
      "email": "cthomersonr@go.com",
      "job": "Senior Sales Associate",
      "department": "Marketing",
      "company": "Walker LLC",
      "imageUrl": "https://i.pravatar.cc/100?img=28"
    },
    {
      "id": 29,
      "firstName": "Marcy",
      "lastName": "Ostrich",
      "email": "mostrichs@fc2.com",
      "job": "Technical Writer",
      "department": "Accounting",
      "company": "Bechtelar, Bartell and O'Keefe",
      "imageUrl": "https://i.pravatar.cc/100?img=29"
    },
    {
      "id": 30,
      "firstName": "Erminie",
      "lastName": "Alben",
      "email": "ealbent@webmd.com",
      "job": "Engineer III",
      "department": "Training",
      "company": "Medhurst Group",
      "imageUrl": "https://i.pravatar.cc/100?img=30"
    },
    {
      "id": 31,
      "firstName": "Dexter",
      "lastName": "Musson",
      "email": "dmussonu@dell.com",
      "job": "Office Assistant IV",
      "department": "Product Management",
      "company": "Schaefer and Sons",
      "imageUrl": "https://i.pravatar.cc/100?img=31"
    },
    {
      "id": 32,
      "firstName": "Oliver",
      "lastName": "Verity",
      "email": "overityv@ft.com",
      "job": "Environmental Tech",
      "department": "Product Management",
      "company": "Abernathy-Yundt",
      "imageUrl": "https://i.pravatar.cc/100?img=32"
    },
    {
      "id": 33,
      "firstName": "Hynda",
      "lastName": "Dello",
      "email": "hdellow@geocities.com",
      "job": "Community Outreach Specialist",
      "department": "Human Resources",
      "company": "Kirlin and Sons",
      "imageUrl": "https://i.pravatar.cc/100?img=33"
    },
    {
      "id": 34,
      "firstName": "Lane",
      "lastName": "Lemoir",
      "email": "llemoirx@qq.com",
      "job": "Structural Analysis Engineer",
      "department": "Support",
      "company": "Bartoletti-Pfeffer",
      "imageUrl": "https://i.pravatar.cc/100?img=34"
    },
    {
      "id": 35,
      "firstName": "Stephanus",
      "lastName": "Murgatroyd",
      "email": "smurgatroydy@clickbank.net",
      "job": "Nurse Practicioner",
      "department": "Business Development",
      "company": "White, Wilderman and Kutch",
      "imageUrl": "https://i.pravatar.cc/100?img=35"
    },
    {
      "id": 36,
      "firstName": "Sherill",
      "lastName": "Varnes",
      "email": "svarnesz@github.com",
      "job": "Biostatistician II",
      "department": "Engineering",
      "company": "Schroeder and Sons",
      "imageUrl": "https://i.pravatar.cc/100?img=36"
    },
    {
      "id": 37,
      "firstName": "Roi",
      "lastName": "Fawlkes",
      "email": "rfawlkes10@mtv.com",
      "job": "Geological Engineer",
      "department": "Support",
      "company": "Carter Inc",
      "imageUrl": "https://i.pravatar.cc/100?img=37"
    },
    {
      "id": 38,
      "firstName": "Dix",
      "lastName": "Shevlane",
      "email": "dshevlane11@unblog.fr",
      "job": "Programmer I",
      "department": "Business Development",
      "company": "Johns Group",
      "imageUrl": "https://i.pravatar.cc/100?img=38"
    },
    {
      "id": 39,
      "firstName": "Julienne",
      "lastName": "Batson",
      "email": "jbatson12@pcworld.com",
      "job": "Clinical Specialist",
      "department": "Research and Development",
      "company": "Koss-Robel",
      "imageUrl": "https://i.pravatar.cc/100?img=39"
    },
    {
      "id": 40,
      "firstName": "Kellyann",
      "lastName": "Ravenshear",
      "email": "kravenshear13@wunderground.com",
      "job": "Senior Cost Accountant",
      "department": "Training",
      "company": "Ankunding, O'Keefe and Strosin",
      "imageUrl": "https://i.pravatar.cc/100?img=40"
    },
    {
      "id": 41,
      "firstName": "Kala",
      "lastName": "Ohrt",
      "email": "kohrt14@msn.com",
      "job": "Geologist III",
      "department": "Research and Development",
      "company": "O'Reilly, Funk and Halvorson",
      "imageUrl": "https://i.pravatar.cc/100?img=41"
    },
    {
      "id": 42,
      "firstName": "Lorianna",
      "lastName": "Stretton",
      "email": "lstretton15@ibm.com",
      "job": "Librarian",
      "department": "Human Resources",
      "company": "Murray, Rippin and Legros",
      "imageUrl": "https://i.pravatar.cc/100?img=42"
    },
    {
      "id": 43,
      "firstName": "Ibbie",
      "lastName": "Robardley",
      "email": "irobardley16@usa.gov",
      "job": "VP Quality Control",
      "department": "Research and Development",
      "company": "Gleichner Group",
      "imageUrl": "https://i.pravatar.cc/100?img=43"
    },
    {
      "id": 44,
      "firstName": "Russ",
      "lastName": "Coleman",
      "email": "rcoleman17@xrea.com",
      "job": "Speech Pathologist",
      "department": "Legal",
      "company": "Koch-Metz",
      "imageUrl": "https://i.pravatar.cc/100?img=44"
    },
    {
      "id": 45,
      "firstName": "Kippie",
      "lastName": "Clissett",
      "email": "kclissett18@nsw.gov.au",
      "job": "Human Resources Manager",
      "department": "Business Development",
      "company": "Johnston-Blanda",
      "imageUrl": "https://i.pravatar.cc/100?img=45"
    },
    {
      "id": 46,
      "firstName": "Niccolo",
      "lastName": "Clapston",
      "email": "nclapston19@blogs.com",
      "job": "Technical Writer",
      "department": "Business Development",
      "company": "Jacobson, Herman and Ortiz",
      "imageUrl": "https://i.pravatar.cc/100?img=46"
    },
    {
      "id": 47,
      "firstName": "Gerome",
      "lastName": "Whitfield",
      "email": "gwhitfield1a@ftc.gov",
      "job": "Payment Adjustment Coordinator",
      "department": "Support",
      "company": "Little-Ward",
      "imageUrl": "https://i.pravatar.cc/100?img=47"
    },
    {
      "id": 48,
      "firstName": "Charity",
      "lastName": "Bilston",
      "email": "cbilston1b@php.net",
      "job": "Registered Nurse",
      "department": "Marketing",
      "company": "Reilly Group",
      "imageUrl": "https://i.pravatar.cc/100?img=48"
    },
    {
      "id": 49,
      "firstName": "Darrel",
      "lastName": "Chinge de Hals",
      "email": "dchingedehals1c@wiley.com",
      "job": "Teacher",
      "department": "Accounting",
      "company": "Harber-Runte",
      "imageUrl": "https://i.pravatar.cc/100?img=49"
    },
    {
      "id": 50,
      "firstName": "Cornelius",
      "lastName": "Paynton",
      "email": "cpaynton1d@deliciousdays.com",
      "job": "Automation Specialist II",
      "department": "Accounting",
      "company": "Heaney and Sons",
      "imageUrl": "https://i.pravatar.cc/100?img=50"
    },
    {
      "id": 51,
      "firstName": "Farlie",
      "lastName": "Coulter",
      "email": "fcoulter1e@reddit.com",
      "job": "Senior Quality Engineer",
      "department": "Services",
      "company": "Bergnaum and Sons",
      "imageUrl": "https://i.pravatar.cc/100?img=51"
    },
    {
      "id": 52,
      "firstName": "Allys",
      "lastName": "Trower",
      "email": "atrower1f@google.co.jp",
      "job": "Internal Auditor",
      "department": "Accounting",
      "company": "Mohr, Nader and Emmerich",
      "imageUrl": "https://i.pravatar.cc/100?img=52"
    },
    {
      "id": 53,
      "firstName": "Alameda",
      "lastName": "Issit",
      "email": "aissit1g@eepurl.com",
      "job": "Safety Technician II",
      "department": "Legal",
      "company": "Dach-Bins",
      "imageUrl": "https://i.pravatar.cc/100?img=53"
    },
    {
      "id": 54,
      "firstName": "Daron",
      "lastName": "D'Elias",
      "email": "ddelias1h@engadget.com",
      "job": "Staff Accountant IV",
      "department": "Training",
      "company": "Emard LLC",
      "imageUrl": "https://i.pravatar.cc/100?img=54"
    },
    {
      "id": 55,
      "firstName": "Rhianon",
      "lastName": "O'Hogertie",
      "email": "rohogertie1i@blinklist.com",
      "job": "Sales Associate",
      "department": "Legal",
      "company": "Lockman-Gottlieb",
      "imageUrl": "https://i.pravatar.cc/100?img=55"
    },
    {
      "id": 56,
      "firstName": "Odille",
      "lastName": "Eloy",
      "email": "oeloy1j@miibeian.gov.cn",
      "job": "Data Coordiator",
      "department": "Human Resources",
      "company": "Ward Group",
      "imageUrl": "https://i.pravatar.cc/100?img=56"
    },
    {
      "id": 57,
      "firstName": "Webster",
      "lastName": "Aizlewood",
      "email": "waizlewood1k@google.pl",
      "job": "Analog Circuit Design manager",
      "department": "Marketing",
      "company": "Gibson-Bartell",
      "imageUrl": "https://i.pravatar.cc/100?img=57"
    },
    {
      "id": 58,
      "firstName": "Jean",
      "lastName": "Dower",
      "email": "jdower1l@webs.com",
      "job": "Professor",
      "department": "Human Resources",
      "company": "Kiehn, Hansen and Turner",
      "imageUrl": "https://i.pravatar.cc/100?img=58"
    },
    {
      "id": 59,
      "firstName": "Ivonne",
      "lastName": "Fairburne",
      "email": "ifairburne1m@ask.com",
      "job": "Marketing Manager",
      "department": "Research and Development",
      "company": "Hegmann-Mertz",
      "imageUrl": "https://i.pravatar.cc/100?img=59"
    },
    {
      "id": 60,
      "firstName": "Sheri",
      "lastName": "Boater",
      "email": "sboater1n@spiegel.de",
      "job": "Programmer Analyst IV",
      "department": "Legal",
      "company": "Strosin, West and Robel",
      "imageUrl": "https://i.pravatar.cc/100?img=60"
    },
    {
      "id": 61,
      "firstName": "Omar",
      "lastName": "Forty",
      "email": "oforty1o@washingtonpost.com",
      "job": "Recruiter",
      "department": "Engineering",
      "company": "Abshire, Koelpin and Skiles",
      "imageUrl": "https://i.pravatar.cc/100?img=61"
    },
    {
      "id": 62,
      "firstName": "Hersch",
      "lastName": "Nuccitelli",
      "email": "hnuccitelli1p@stanford.edu",
      "job": "Graphic Designer",
      "department": "Services",
      "company": "Beahan Inc",
      "imageUrl": "https://i.pravatar.cc/100?img=62"
    },
    {
      "id": 63,
      "firstName": "Erena",
      "lastName": "Binton",
      "email": "ebinton1q@tiny.cc",
      "job": "Director of Sales",
      "department": "Accounting",
      "company": "Kunde-Funk",
      "imageUrl": "https://i.pravatar.cc/100?img=63"
    },
    {
      "id": 64,
      "firstName": "Ida",
      "lastName": "Di Francesco",
      "email": "idifrancesco1r@ehow.com",
      "job": "Automation Specialist IV",
      "department": "Services",
      "company": "Emmerich Group",
      "imageUrl": "https://i.pravatar.cc/100?img=64"
    },
    {
      "id": 65,
      "firstName": "Bettina",
      "lastName": "Tradewell",
      "email": "btradewell1s@uol.com.br",
      "job": "Product Engineer",
      "department": "Marketing",
      "company": "Raynor-Lynch",
      "imageUrl": "https://i.pravatar.cc/100?img=65"
    },
    {
      "id": 66,
      "firstName": "Yevette",
      "lastName": "Pomfret",
      "email": "ypomfret1t@bbb.org",
      "job": "Payment Adjustment Coordinator",
      "department": "Product Management",
      "company": "Farrell-Wehner",
      "imageUrl": "https://i.pravatar.cc/100?img=66"
    },
    {
      "id": 67,
      "firstName": "Yves",
      "lastName": "Ragsdall",
      "email": "yragsdall1u@wix.com",
      "job": "Environmental Tech",
      "department": "Sales",
      "company": "Schimmel LLC",
      "imageUrl": "https://i.pravatar.cc/100?img=67"
    },
    {
      "id": 68,
      "firstName": "Leese",
      "lastName": "Crighten",
      "email": "lcrighten1v@netscape.com",
      "job": "Research Associate",
      "department": "Engineering",
      "company": "Stracke, Mertz and Leuschke",
      "imageUrl": "https://i.pravatar.cc/100?img=68"
    },
    {
      "id": 69,
      "firstName": "Colin",
      "lastName": "Marchello",
      "email": "cmarchello1w@hc360.com",
      "job": "Tax Accountant",
      "department": "Engineering",
      "company": "Ritchie-Howell",
      "imageUrl": "https://i.pravatar.cc/100?img=69"
    },
    {
      "id": 70,
      "firstName": "Lawton",
      "lastName": "Soan",
      "email": "lsoan1x@hc360.com",
      "job": "Desktop Support Technician",
      "department": "Legal",
      "company": "Cartwright Inc",
      "imageUrl": "https://i.pravatar.cc/100?img=10"
    },
    {
      "id": 71,
      "firstName": "Allyce",
      "lastName": "Coch",
      "email": "acoch1y@comcast.net",
      "job": "Software Test Engineer III",
      "department": "Services",
      "company": "Schneider-Mann",
      "imageUrl": "https://i.pravatar.cc/100?img=1"
    },
    {
      "id": 72,
      "firstName": "Karlan",
      "lastName": "Krook",
      "email": "kkrook1z@prnewswire.com",
      "job": "Research Associate",
      "department": "Product Management",
      "company": "Witting-Schiller",
      "imageUrl": "https://i.pravatar.cc/100?img=2"
    },
    {
      "id": 73,
      "firstName": "Ava",
      "lastName": "Ferryn",
      "email": "aferryn20@google.de",
      "job": "Paralegal",
      "department": "Business Development",
      "company": "Krajcik and Sons",
      "imageUrl": "https://i.pravatar.cc/100?img=3"
    },
    {
      "id": 74,
      "firstName": "Harriet",
      "lastName": "Chewter",
      "email": "hchewter21@fotki.com",
      "job": "Payment Adjustment Coordinator",
      "department": "Accounting",
      "company": "Thiel Inc",
      "imageUrl": "https://i.pravatar.cc/100?img=4"
    },
    {
      "id": 75,
      "firstName": "Dorelle",
      "lastName": "Fehely",
      "email": "dfehely22@uiuc.edu",
      "job": "Senior Sales Associate",
      "department": "Research and Development",
      "company": "Simonis and Sons",
      "imageUrl": "https://i.pravatar.cc/100?img=5"
    },
    {
      "id": 76,
      "firstName": "Arney",
      "lastName": "Ziehm",
      "email": "aziehm23@columbia.edu",
      "job": "Senior Sales Associate",
      "department": "Marketing",
      "company": "Christiansen, Brekke and Effertz",
      "imageUrl": "https://i.pravatar.cc/100?img=6"
    },
    {
      "id": 77,
      "firstName": "Lou",
      "lastName": "O'Rodane",
      "email": "lorodane24@google.it",
      "job": "Software Test Engineer II",
      "department": "Product Management",
      "company": "Heaney-Bins",
      "imageUrl": "https://i.pravatar.cc/100?img=7"
    },
    {
      "id": 78,
      "firstName": "Lincoln",
      "lastName": "Tillett",
      "email": "ltillett25@dell.com",
      "job": "Administrative Officer",
      "department": "Engineering",
      "company": "Hyatt, Romaguera and Kutch",
      "imageUrl": "https://i.pravatar.cc/100?img=8"
    },
    {
      "id": 79,
      "firstName": "Jere",
      "lastName": "Fairey",
      "email": "jfairey26@usnews.com",
      "job": "Computer Systems Analyst IV",
      "department": "Services",
      "company": "Swaniawski Group",
      "imageUrl": "https://i.pravatar.cc/100?img=9"
    },
    {
      "id": 80,
      "firstName": "Hendrika",
      "lastName": "Wetherald",
      "email": "hwetherald27@mysql.com",
      "job": "Data Coordiator",
      "department": "Training",
      "company": "Pfannerstill and Sons",
      "imageUrl": "https://i.pravatar.cc/100?img=20"
    },
    {
      "id": 81,
      "firstName": "Joshua",
      "lastName": "Bearcock",
      "email": "jbearcock28@google.co.uk",
      "job": "Senior Cost Accountant",
      "department": "Research and Development",
      "company": "Strosin, Cummings and Renner",
      "imageUrl": "https://i.pravatar.cc/100?img=11"
    },
    {
      "id": 82,
      "firstName": "Pat",
      "lastName": "Willimont",
      "email": "pwillimont29@studiopress.com",
      "job": "Media Manager II",
      "department": "Services",
      "company": "Kerluke LLC",
      "imageUrl": "https://i.pravatar.cc/100?img=12"
    },
    {
      "id": 83,
      "firstName": "Jeri",
      "lastName": "Dudderidge",
      "email": "jdudderidge2a@harvard.edu",
      "job": "Social Worker",
      "department": "Human Resources",
      "company": "Stoltenberg, Beier and O'Keefe",
      "imageUrl": "https://i.pravatar.cc/100?img=13"
    },
    {
      "id": 84,
      "firstName": "Traci",
      "lastName": "Brimner",
      "email": "tbrimner2b@tiny.cc",
      "job": "Research Assistant IV",
      "department": "Human Resources",
      "company": "Nitzsche, Bradtke and Smith",
      "imageUrl": "https://i.pravatar.cc/100?img=14"
    },
    {
      "id": 85,
      "firstName": "Sylas",
      "lastName": "Drohane",
      "email": "sdrohane2c@spiegel.de",
      "job": "Quality Control Specialist",
      "department": "Business Development",
      "company": "Luettgen-Will",
      "imageUrl": "https://i.pravatar.cc/100?img=15"
    },
    {
      "id": 86,
      "firstName": "Pen",
      "lastName": "McMennum",
      "email": "pmcmennum2d@wordpress.com",
      "job": "Computer Systems Analyst IV",
      "department": "Product Management",
      "company": "Friesen, Rice and Stracke",
      "imageUrl": "https://i.pravatar.cc/100?img=16"
    },
    {
      "id": 87,
      "firstName": "Ilse",
      "lastName": "Carlin",
      "email": "icarlin2e@ebay.co.uk",
      "job": "Human Resources Assistant I",
      "department": "Product Management",
      "company": "Farrell, Reynolds and Wintheiser",
      "imageUrl": "https://i.pravatar.cc/100?img=17"
    },
    {
      "id": 88,
      "firstName": "Forester",
      "lastName": "Jelleman",
      "email": "fjelleman2f@home.pl",
      "job": "Graphic Designer",
      "department": "Legal",
      "company": "Lebsack, Weber and Lubowitz",
      "imageUrl": "https://i.pravatar.cc/100?img=18"
    },
    {
      "id": 89,
      "firstName": "Paquito",
      "lastName": "Sodor",
      "email": "psodor2g@umn.edu",
      "job": "Director of Sales",
      "department": "Business Development",
      "company": "Huels LLC",
      "imageUrl": "https://i.pravatar.cc/100?img=19"
    },
    {
      "id": 90,
      "firstName": "Addi",
      "lastName": "Lissett",
      "email": "alissett2h@about.me",
      "job": "Research Associate",
      "department": "Services",
      "company": "Jenkins, Cronin and Durgan",
      "imageUrl": "https://i.pravatar.cc/100?img=30"
    },
    {
      "id": 91,
      "firstName": "Zondra",
      "lastName": "Sheehan",
      "email": "zsheehan2i@elpais.com",
      "job": "Health Coach III",
      "department": "Training",
      "company": "Runte, Beahan and Cummings",
      "imageUrl": "https://i.pravatar.cc/100?img=21"
    },
    {
      "id": 92,
      "firstName": "Pete",
      "lastName": "Jouannisson",
      "email": "pjouannisson2j@twitter.com",
      "job": "Sales Representative",
      "department": "Business Development",
      "company": "Rolfson, Ritchie and Johnson",
      "imageUrl": "https://i.pravatar.cc/100?img=22"
    },
    {
      "id": 93,
      "firstName": "Joice",
      "lastName": "Gilfoyle",
      "email": "jgilfoyle2k@yandex.ru",
      "job": "Research Nurse",
      "department": "Training",
      "company": "Champlin, Kiehn and Halvorson",
      "imageUrl": "https://i.pravatar.cc/100?img=23"
    },
    {
      "id": 94,
      "firstName": "Codee",
      "lastName": "Beaty",
      "email": "cbeaty2l@instagram.com",
      "job": "Senior Developer",
      "department": "Services",
      "company": "Romaguera-Christiansen",
      "imageUrl": "https://i.pravatar.cc/100?img=24"
    },
    {
      "id": 95,
      "firstName": "Rey",
      "lastName": "Callicott",
      "email": "rcallicott2m@spiegel.de",
      "job": "Staff Accountant II",
      "department": "Support",
      "company": "Lind-Smith",
      "imageUrl": "https://i.pravatar.cc/100?img=25"
    },
    {
      "id": 96,
      "firstName": "Tracie",
      "lastName": "O'Henehan",
      "email": "tohenehan2n@moonfruit.com",
      "job": "Software Consultant",
      "department": "Services",
      "company": "Olson-Price",
      "imageUrl": "https://i.pravatar.cc/100?img=26"
    },
    {
      "id": 97,
      "firstName": "Cristie",
      "lastName": "Huster",
      "email": "chuster2o@imdb.com",
      "job": "Nurse Practicioner",
      "department": "Services",
      "company": "Moore-Roob",
      "imageUrl": "https://i.pravatar.cc/100?img=27"
    },
    {
      "id": 98,
      "firstName": "Bartholemy",
      "lastName": "Gallie",
      "email": "bgallie2p@technorati.com",
      "job": "Dental Hygienist",
      "department": "Accounting",
      "company": "Steuber LLC",
      "imageUrl": "https://i.pravatar.cc/100?img=28"
    },
    {
      "id": 99,
      "firstName": "Carolee",
      "lastName": "Ropp",
      "email": "cropp2q@t-online.de",
      "job": "Software Test Engineer II",
      "department": "Support",
      "company": "Bashirian, Kerluke and Skiles",
      "imageUrl": "https://i.pravatar.cc/100?img=29"
    },
    {
      "id": 100,
      "firstName": "Evangeline",
      "lastName": "Hodjetts",
      "email": "ehodjetts2r@wix.com",
      "job": "Nurse",
      "department": "Sales",
      "company": "Ebert Inc",
      "imageUrl": "https://i.pravatar.cc/100?img=40"
    }
  ]
}
